ID,Name
14916,[Freak] KoRnDragon.com
16366,†ëh Bwana
19797,†ëh Pata
39693,†ëh Cinderella
46390,Seabass
51008,D-Link r200s400
114010,†ëh DrakeMan ©
149065,†ëh dönk
179696,†ëh Zed
188508,Belgrath †ëh
223881,†ëh stiv! [125K] &#7461;
293377,†ëh †Ð€ÅÐ_Øñ€†
331171,†ëh Gwing
337936,†ëh Matrice
413503,Teh Ghostface Killa
421903,†ëh  Alpha
471529,Bathory
479215,Darobi
508112,†ëh Honorable Shogun
524151,Rubbishman
525525,†ëh Athena &#128139;
542021,Angélique
560431,[CrAzY]Hobobeater
564367,†ëh ëupiøn
583861,~EÞ~ Granty
604059,Sadosmurf
696219,&#120175;emon&#120182;iss
745246,†ëh arf
808064,†ëh Møthball Eye &#7461;
817001,&#9651; meee
817009,Portgas D. Ace
843769,†ëh Achual Bear
931338,†eH Qwee
981619,†ëh Sunshine On Leith
986606,Pyro&#128293;Smut
990267,†ëh Earl
998877,Johnnie
1003713,Gräb&#335;w
1009472,†ëh Aeiouy
1015271,†ëh Xörbi
1017513,†ëh klam
1018795,†ëh Plug
1018910,†ëh momma
1037503,Natepimp
1050033,†ëh Jewlzzz
1081956,&#127775;†ëh ML½&#127775;
1106197,†ëh Cortez
1219168,†ëh Curran r100 s300
1229413,GeneralG
1243398,Ø&#321;í&#1084;ë
1269593,Stranded
1326634,†ëh RuthlessEbk
1328745,Tree-mendous
1356097,{(Little Piss Baby)}
1416176,mtnmtn
1445054,†ëh Mr Kyra
1453440,†ëh DeMolay †
1515478,†ëh Eekia
1520812,Binlooter
1530820,†ëh zzed
1588525,Roach&#129348;
1603398,teh BKB
1633482,†ëh Joe Gallo
1633723,Step and a Half
1685476,†ëh SkipDawg
1692121,†ëh HOBOPREZIDENT
1730788,†ëh Mephisto &#128123;
1737474,&#120175;ëi†y &#128142;
1863620,†ëhSleepyzzzzzz
1865689,-†ëh-Richy- Buy Sluts
1907848,Rob in †ëh Hood
1912974,†ëh Matteth09
1922568,†ëh Koobface &#129713;
1934781,†ëhJim00
1939130,†ëh Squirrel Nutcan
1948519,OnE oVa KiNd
1967085,†ëh LaneyBug
1974890,†ëh to_the_moon
2047576,†ëh GayFockersBack
2052346,†ëh Jason =V=oorhees™
2075783,†ëh lilfugazzi
2085261,†ëh blisterless
2085300,&#9651; Gonzo
2106393,Jam Lemond  &#127754;
2112570,†ëh en2que
2335927,†ëh jalovitrue
2421503,†ëh FknSophDaKiwi
2449115,Teh Brachial14dp lotto
2463471,Buster_Cherry
2480536,†ëh herbo
2625586,†ëh bossmanman
2650724,tehlemonking.eth
2653898,†ëhBucK R300 S600
2657844,†ëh UVR
2664029,†ëh Turkish Rimjob
2668626,Foodz
2672566,†ëh Lasher
2710564,Larwin †ëh
2711004,†ëh Big Dave
2712797,Jalu Ferrigno
2720811,†ëh Madrox
2723094,†ëh Superbro
2731493,†ëh NotRege
2737389,tim@focus
2744269,Joji
2745016,RickyVBG&#129399;
2747733,†ëh PACS
2755826,†ëhfroobo
2756058,†ëh Kushi 69
2772353,†ëh Speedy-G
2780751,&#128081;chelita
2788167,†ëh NINJ4SP4RT4N
2789679,†ëh DeezNuts
2789831,†ëh Blast Fiend
2792278,el-jefe
2792582,Vlax
2793665,Pooper Scooper
2795274,teh Joedirt79
2795960,Grabby Mickey
2798684,†ëh DrunkRuben
2799401,†ëh GeorgeD RIP
2799498,†ëh gärymugg
2800622,(Pieman) Invulnerable
2800853,Johntom
2801770,†ëh Tubbed
2802287,†ëh----yourself off-
2803868,Hulk ƒ  Hobo
2820971,†ëh Gerard
2821298,†ëh Mrs Gumby &#9956;
2821774,Sylphii
2822120,†ëh triz0
2828243,JigglyWibes
2829802,†ëh cardboard
2850309,†ëh cubie doo
2860674,henzo
2867643,†ëh Sweet Tooth
2873668,KIcKeR
2875185,Vinny †ëh Drunk
2881627,†ëh VaLaDo
2885224,homelessstrelok
2891008,Teh Yellow Demon
2892128,Kikicoonkat
2894516,&#356;ehThikdikwhitey
2896611,†ëh KevinMalone
2906447,†ëh Sandwixh
2906640,tëh Dig bick
2906799,†ëh †RedLaven†
2907146,†ëh Kotak
2907356,LeahMarie
2907883,SuperDank
2907893,Mäggindürk
2909237,†ëhJoby
2909773,ForgettableHobo
2910251,swirlydude
2910743,Jake:)
2911469,trans
2911520,thornleaf
2911695,Jay00
2911709,†ëh DilldoSwagginz
2911723,MIKEoxbig
2911862,†ëh UncleDad
2912173,Imafar
2912246,GrumpyMonk84
2912318,LilBrandino95
2912326,Fethno
2912340,†ëh Glaubão do Led
2912435,Sweet Milly
2912466,†ëh yellerjoe
2912540,King-turd
2912551,Mizo
2912593,xDeathsAngelx
2912595,Nobvnaga388
2912674,Lordofthesmoke
2912720,Amelia04
